"LineNumber","Line"
"1439","            </div>"
"1461","            </div>"
"1462","          </div>"
"1463","        </div>"
"1485","                    </div>"
"1491","                </div>"
"1507","                    </div>"
"1532","                    </div>"
"1538","                        </div>"
"1558","                      </div>"
"1572","                          </div>"
"1587","                          </div>"
"1590","                          </div>"
"1593","                          </div>"
"1594","                        </div>"
"1596","                    </div>"
"1627","                    </div>"
"1639","                    </div>"
"1657","                      </div>"
"1670","                      </div>"
"1683","                    </div>"
"1695","                        </div>"
"1705","                        </div>"
"1732","                            </div>"
"1740","                          </div>"
"1742","                      </div>"
"1743","                    </div>"
"1744","                  </div>"
"1750","                  </div>"
"1776","                    </div>"
"1780","                </div>"
"1794","                    </div>"
"1806","                    </div>"
"1824","                            </div>"
"1856","                        </div>"
"1875","                    </div>"
"1876","                  </div>"
"1889","                  </div>"
"1915","                    </div>"
"1919","                </div>"
"1933","                    </div>"
"1960","                          </div>"
"1989","                          </div>"
"2002","                        </div>"
"2018","                        </div>"
"2031","                        </div>"
"2047","                      </div>"
"2048","                    </div>"
"2058","                    </div>"
"2059","                  </div>"
"2063","                  </div>"
"2092","                      </div>"
"2097","                    </div>"
"2105","                  </div>"
"2106","                </div>"
"2115","                    </div>"
"2121","                    </div>"
"2132","                    </div>"
"2133","                  </div>"
"2140","                      </div>"
"2155","                        </div>"
"2160","                          </div>"
"2161","                        </div>"
"2162","                      </div>"
"2206","                      </div>"
"2213","                      </div>"
"2233","                      </div>"
"2246","                      </div>"
"2248","                  </div>"
"2264","                  </div>"
"2314","                    </div>"
"2318","                    </div>"
"2319","                  </div>"
"2323","                </div>"
"2330","                  </div>"
"2345","                  </div>"
"2350","                </div>"
"2365","                </div>"
"2416","                      </div>"
"2419","                    </div>"
"2427","                  </div>"
"2428","                </div>"
"2435","                    </div>"
"2439","                    </div>"
"2440","                  </div>"
"2453","                  </div>"
"2464","                  </div>"
"2468","                  </div>"
"2484","                  </div>"
"2503","              </div>"
"2518","                </div>"
"2537","              </div>"
"2538","            </div>"
"2542","              </div>"
"2547","                  </div>"
"2558","            </div>"
"2559","          </div>"
"2578","                    </div>"
"2587","                      </div>"
"2603","                      </div>"
"2604","                    </div>"
"2605","                  </div>"
"2606","                </div>"
"2628","                        </div>"
"2643","                      </div>"
"2648","                    </div>"
"2649","                  </div>"
"2660","                    </div>"
"2666","                    </div>"
"2692","                        </div>"
"2693","                      </div>"
"2706","                      </div>"
"2708","                  </div>"
"2709","                </div>"
"2823","                      </div>"
"2825","                  </div>"
"2827","              </div>"
"2833","                </div>"
"2836","              </div>"
"2838","          </div>"
"2858","                    </div>"
"2865","                      </div>"
"2872","                    </div>"
"2878","                    </div>"
"2903","                        </div>"
"2918","                          </div>"
"2919","                        </div>"
"2920","                      </div>"
"2941","                          </div>"
"2972","                        </div>"
"2973","                      </div>"
"2986","                          </div>"
"3041","                          </div>"
"3048","          </div>"
"3049","        </div>"
"3050","      </div>"
"3051","    </div>"
"3100","                          </div>"
"3101","                        </div>"
"3114","                        </div>"
"3118","                        </div>"
"3125","                      </div>"
"3131","          </div>"
"3142","          </div>"
"3143","        </div>"
"3144","      </div>"
"3145","    </div>"
